language,page,chapter,status,text_characters,images,vector_drawings,external_links,nonwhite_ratio,issues
en,1,Preliminaries,PASS,501,0,12,0,0.06822,
en,2,Preliminaries,PASS,2416,0,10,0,0.17553,
en,3,Preliminaries,PASS,341,0,0,0,0.02456,
en,4,Preliminaries,PASS,1871,0,140,0,0.18805,
en,5,Chapter 1,PASS,1608,0,29,0,0.12916,
en,6,Chapter 2,PASS,1526,2,28,0,0.17907,
en,7,Chapter 3,PASS,1272,2,28,0,0.18174,
en,8,Chapter 3,PASS,617,0,0,0,0.04202,
en,9,Chapter 4,PASS,2193,0,27,0,0.17238,
en,10,Chapter 5,PASS,1906,0,0,0,0.12851,
en,11,Chapter 6,PASS,1389,0,0,0,0.09509,
en,12,Chapter 7,PASS,1639,2,21,0,0.1945,
en,13,Chapter 7,PASS,285,0,10,0,0.04454,
en,14,Chapter 8,PASS,1854,0,43,0,0.16942,
en,15,Chapter 9,PASS,1497,2,0,0,0.16064,
en,16,Chapter 9,PASS,791,0,21,0,0.0731,
en,17,Chapter 10,PASS,1808,0,22,0,0.13986,
en,18,Chapter 11,PASS,1506,0,29,0,0.12089,
en,19,Chapter 12,PASS,1654,0,27,0,0.14453,
en,20,Chapter 13,PASS,1619,0,27,0,0.14368,
en,21,Chapter 14,PASS,1564,0,28,0,0.12745,
en,22,Chapter 15,PASS,1441,0,0,0,0.10066,
en,23,Chapter 16,PASS,1525,0,27,0,0.12939,
en,24,Chapter 17,PASS,1433,2,22,0,0.18619,
en,25,Chapter 17,PASS,263,0,14,0,0.04417,
en,26,Chapter 18,PASS,1522,0,10,0,0.1137,
en,27,Chapter 19,PASS,1593,0,21,0,0.13264,
en,28,Chapter 20,PASS,2085,0,56,0,0.15447,
en,29,Chapter 21,PASS,1397,0,21,0,0.1237,
en,30,Chapter 22,PASS,1513,0,10,0,0.10997,
en,31,Chapter 23,PASS,1642,0,22,0,0.1318,
en,32,Chapter 24,PASS,1636,0,0,0,0.11341,
en,33,Chapter 25,PASS,1773,2,28,0,0.19464,
en,34,Chapter 26,PASS,1602,2,10,0,0.18795,
en,35,Chapter 26,PASS,502,0,21,0,0.05979,
en,36,Chapter 27,PASS,1485,2,0,0,0.1578,
en,37,Chapter 27,PASS,565,0,0,0,0.03746,
en,38,Chapter 28,PASS,1293,2,0,0,0.14844,
en,39,Chapter 28,PASS,627,0,0,0,0.04269,
en,40,Chapter 29,PASS,2561,0,22,0,0.19643,
en,41,Chapter 29,PASS,259,0,0,0,0.01828,
en,42,Chapter 30,PASS,2303,0,74,1,0.21253,
en,43,Chapter 30,PASS,2161,0,5,5,0.14313,
en,44,Chapter 30,PASS,2185,0,5,5,0.14424,
en,45,Chapter 30,PASS,2225,0,4,4,0.14524,
en,46,Chapter 30,PASS,2143,0,4,4,0.14186,
en,47,Chapter 30,PASS,400,0,0,0,0.02729,
en,48,Chapter 31,PASS,1444,2,36,0,0.17591,
en,49,Chapter 31,PASS,2466,0,62,0,0.20821,
en,50,Chapter 31,PASS,1983,0,0,0,0.13843,
en,51,Chapter 31,PASS,377,0,0,0,0.02717,
en,52,Chapter 32,PASS,2477,0,111,0,0.23471,
en,53,Chapter 32,PASS,2491,0,127,0,0.26583,
en,54,Chapter 32,PASS,1962,0,129,0,0.24906,
en,55,Chapter 32,PASS,1489,0,55,19,0.16044,
es-419,1,Preliminaries,PASS,2576,0,10,0,0.20893,
es-419,2,Preliminaries,PASS,2321,0,32,0,0.19916,
es-419,3,Preliminaries,PASS,1503,0,34,0,0.14291,
es-419,4,Chapter 2,PASS,2065,0,17,0,0.15377,
es-419,5,Chapter 2,PASS,2222,0,31,0,0.17169,
es-419,6,Chapter 3,PASS,1977,0,39,0,0.18337,
es-419,7,Chapter 4,PASS,2695,0,13,0,0.19607,
es-419,8,Chapter 5,PASS,2747,0,11,0,0.19278,
es-419,9,Chapter 7,PASS,1755,0,0,0,0.12287,
es-419,10,Chapter 7,PASS,2266,0,35,0,0.19053,
es-419,11,Chapter 9,PASS,2624,0,38,0,0.22767,
es-419,12,Chapter 9,PASS,2224,0,23,0,0.17716,
es-419,13,Chapter 11,PASS,2863,0,27,0,0.21523,
es-419,14,Chapter 12,PASS,2738,0,17,0,0.19182,
es-419,15,Chapter 14,PASS,2608,0,30,0,0.21173,
es-419,16,Chapter 15,PASS,2780,0,16,0,0.19668,
es-419,17,Chapter 17,PASS,2173,0,15,0,0.16387,
es-419,18,Chapter 17,PASS,2102,0,36,0,0.18765,
es-419,19,Chapter 19,PASS,2534,0,21,0,0.19651,
es-419,20,Chapter 20,PASS,2279,0,34,0,0.18316,
es-419,21,Chapter 21,PASS,2529,0,29,0,0.20762,
es-419,22,Chapter 23,PASS,2647,0,33,0,0.21736,
es-419,23,Chapter 24,PASS,2851,0,11,0,0.20431,
es-419,24,Chapter 25,PASS,2137,0,39,0,0.18349,
es-419,25,Chapter 26,PASS,2125,0,23,0,0.17297,
es-419,26,Chapter 27,PASS,1720,0,14,0,0.13198,
es-419,27,Chapter 27,PASS,2272,0,19,0,0.17539,
es-419,28,Chapter 28,PASS,2107,0,23,0,0.17338,
es-419,29,Chapter 29,PASS,2782,0,10,0,0.20145,
es-419,30,Chapter 30,PASS,2614,0,37,0,0.22041,
es-419,31,Chapter 30,PASS,2862,0,26,4,0.21938,
es-419,32,Chapter 30,PASS,3026,0,5,5,0.20469,
es-419,33,Chapter 30,PASS,2967,0,5,5,0.19966,
es-419,34,Chapter 31,PASS,2714,0,4,4,0.1895,
es-419,35,Chapter 31,PASS,2122,0,41,0,0.18518,
es-419,36,Chapter 31,PASS,2845,0,31,0,0.22019,
es-419,37,Chapter 31,PASS,2313,0,13,0,0.18032,
es-419,38,Chapter 32,PASS,2996,0,57,0,0.26184,
es-419,39,Chapter 32,PASS,2954,0,70,0,0.26496,
es-419,40,Chapter 32,PASS,1999,0,54,2,0.20536,
es-419,41,Chapter 32,PASS,1532,0,27,17,0.12813,
pt-BR,1,Preliminaries,PASS,2487,0,10,0,0.20421,
pt-BR,2,Chapter 32,PASS,2226,0,33,0,0.19488,
pt-BR,3,Chapter 1,PASS,1670,0,33,0,0.15876,
pt-BR,4,Chapter 2,PASS,1729,0,17,0,0.13126,
pt-BR,5,Chapter 2,PASS,2266,0,31,0,0.17691,
pt-BR,6,Chapter 3,PASS,1881,0,39,0,0.17993,
pt-BR,7,Chapter 4,PASS,2643,0,15,0,0.19292,
pt-BR,8,Chapter 6,PASS,2561,0,0,0,0.17289,
pt-BR,9,Chapter 7,PASS,1536,0,0,0,0.10339,
pt-BR,10,Chapter 7,PASS,2267,0,36,0,0.19453,
pt-BR,11,Chapter 9,PASS,2391,0,37,0,0.21214,
pt-BR,12,Chapter 9,PASS,2420,0,33,0,0.20523,
pt-BR,13,Chapter 11,PASS,2530,0,26,0,0.19257,
pt-BR,14,Chapter 12,PASS,2586,0,17,0,0.18651,
pt-BR,15,Chapter 14,PASS,2616,0,30,0,0.21445,
pt-BR,16,Chapter 15,PASS,2740,0,16,0,0.20263,
pt-BR,17,Chapter 17,PASS,1980,0,15,0,0.15027,
pt-BR,18,Chapter 17,PASS,2045,0,36,0,0.18576,
pt-BR,19,Chapter 19,PASS,2486,0,21,0,0.19674,
pt-BR,20,Chapter 20,PASS,2352,0,35,0,0.18196,
pt-BR,21,Chapter 21,PASS,2431,0,30,0,0.19295,
pt-BR,22,Chapter 23,PASS,2618,0,24,0,0.20408,
pt-BR,23,Chapter 25,PASS,2661,0,0,0,0.1851,
pt-BR,24,Chapter 25,PASS,2327,0,39,0,0.19495,
pt-BR,25,Chapter 26,PASS,2139,0,23,0,0.17641,
pt-BR,26,Chapter 27,PASS,2091,0,33,0,0.18676,
pt-BR,27,Chapter 28,PASS,2266,0,23,0,0.18369,
pt-BR,28,Chapter 29,PASS,2801,0,0,0,0.19041,
pt-BR,29,Chapter 30,PASS,2695,0,28,0,0.21462,
pt-BR,30,Chapter 30,PASS,2688,0,35,3,0.20964,
pt-BR,31,Chapter 30,PASS,2872,0,5,5,0.19531,
pt-BR,32,Chapter 30,PASS,2924,0,5,5,0.19676,
pt-BR,33,Chapter 30,PASS,2776,0,5,5,0.18778,
pt-BR,34,Chapter 31,PASS,2066,0,39,0,0.18754,
pt-BR,35,Chapter 31,PASS,2877,0,40,0,0.2297,
pt-BR,36,Chapter 31,PASS,2407,0,18,0,0.18892,
pt-BR,37,Chapter 32,PASS,2729,0,51,0,0.23106,
pt-BR,38,Chapter 32,PASS,3024,0,72,0,0.27089,
pt-BR,39,Chapter 32,PASS,2104,0,53,0,0.20852,
pt-BR,40,Chapter 32,PASS,1635,0,41,19,0.15614,
